,Current Price,Actual Perice,Predicted Price
0,26.708840999999996,28.21023,28.080501539450648
1,27.111134000000003,28.421875,28.060635923275473
2,27.268557,28.316055,28.09406203978372
3,27.259808000000003,28.201411999999998,28.110283292333605
4,27.189847999999998,28.827530000000003,28.092078145586967
5,27.312281,28.880435999999996,28.087906966359856
6,27.347265000000004,28.624698999999996,28.09555746255219
7,27.119877000000002,28.598246000000003,28.096262661917926
8,26.315292,28.562968999999995,28.103241301504138
9,25.939234,28.589425999999996,28.122793495738986
10,26.603893,28.201411999999998,28.09266331101811
11,26.332784999999998,27.443026,28.125947720798017
12,26.953715999999996,27.540031,28.087110074405196
13,26.586399,27.707579,28.107399143627408
14,26.761315999999997,28.157321999999997,28.084926123650792
15,27.495935,27.963316,28.14695699362779
16,27.028554999999997,28.139683,28.178792660502673
17,27.196115000000002,28.377784999999996,28.171730664017442
18,27.531214000000002,27.769308000000002,28.12863181294656
19,27.751675,28.060321999999996,28.136530712697983
20,28.113228000000003,28.377784999999996,28.111343592089177
21,27.87513,28.307237999999998,28.132886349072695
22,27.954497999999997,28.113228000000007,28.118422259954215
23,28.166141999999997,28.324873,28.10885955649829
24,28.113228000000003,28.174963000000005,28.109609768589497
25,27.760492,28.474784999999997,28.105008467763426
26,27.822218,28.571786999999997,28.120232771800996
27,27.742855,28.360146999999998,28.12060621070862
28,28.21023,27.513577,28.068751550964357
29,28.122049,27.222566999999998,28.143032550821783
30,28.21023,27.540031,28.124717372968437
31,28.421875,26.99328400000001,28.128398413629295
32,28.316055,26.331903000000004,28.121988268094423
33,28.201412,26.340719,28.138547949654342
34,28.82753,26.35835800000001,28.11076676234794
35,28.880436,26.534729,28.137811074666978
36,28.624699,26.675822999999998,28.140471826883793
37,28.598246000000003,27.213746999999998,28.13778773473525
38,28.562969,27.337203999999996,28.131684342588784
39,28.589426,27.266657000000002,28.10994319618559
40,28.201412,27.081469,28.12147645673442
41,27.443026,27.116745,28.12982381660259
42,27.540031,28.254326000000002,28.17667872954345
43,27.707579,28.007411999999995,28.149944504888776
44,28.157321999999997,27.584121999999997,28.12364707038498
45,27.963316,27.469482,28.133196436737062
46,28.139683,27.116745,28.12024610890484
47,28.377785,26.420085999999998,28.056411395632985
48,27.769308000000002,25.952707,28.200712190669776
49,28.060321999999996,25.819254,28.186494837972404
50,28.377785,25.952707,28.13618728227401
51,28.307238,25.828148000000002,28.16257474222875
52,28.113228000000003,25.917123999999998,28.16185120434523
53,28.324872999999997,25.979403,28.143856116984132
54,28.174963,25.890432,26.748394941818955
55,28.474784999999997,25.854841,30.20181791992879
56,28.571787,25.908224,29.742107956092596
57,28.360146999999998,26.050575,31.03722076193786
58,27.513577,26.023888,30.434763775662663
59,27.222566999999998,26.308594,31.65914325127292
60,27.540031,26.388665999999997,30.915182927492143
61,26.99328400000001,26.237416999999997,31.890965456007958
62,26.331903000000004,26.344178999999997,31.106757087102892
63,26.340719,26.344178999999997,32.05027382714486
64,26.35835800000001,26.335283,31.308774199023247
65,26.534729,26.361973,31.983618316410066
66,26.675822999999998,26.433149,31.49699407701731
67,27.213746999999998,26.326387,31.84986050196171
68,27.337203999999996,26.370871,31.653881763806584
69,27.266657000000002,26.477633,31.93475450220275
70,27.081469,26.175138,31.641841693311694
71,27.116745,26.112854000000002,32.0031971848526
72,28.254326000000002,26.246313,30.771302251226427
73,28.007412,26.184032000000002,32.46627810168529
74,27.584121999999997,26.201829999999998,31.088715319878343
75,27.469482,26.27300300000001,42.25177120876718
76,27.116745,26.344178999999997,30.96025233565593
77,26.420085999999998,26.228517999999998,34.12824462013102
78,25.952707,26.433149,30.572305993326665
79,25.819254,26.326387,30.60782603513837
80,25.952707,26.49543,29.550833881318333
81,25.828148000000002,26.201829999999998,29.12977151014519
82,25.917123999999998,26.068369,28.747543451088905
83,25.979403,26.513223999999997,28.429453524416925
84,25.890432,26.326387,28.234221664077044
85,25.854841,26.397562,28.08452934481144
86,25.908224,26.406458,27.96763963244939
87,26.050575,26.762340999999996,27.90526533204842
88,26.023888,27.020357,27.894402260967734
89,26.308594,27.162712,27.826678114787462
90,26.388665999999997,27.127119,27.79464072421694
91,26.237416999999997,26.824617,27.77580373217571
92,26.344178999999997,26.735651,27.738871624494553
93,26.344178999999997,26.691167999999998,27.744406522589685
94,26.335283,26.753443,27.74319618041587
95,26.361973,26.904696,27.7331850168432
96,26.433149,27.055943,27.738761593387842
97,26.326387,27.545279999999998,27.723467269555094
98,26.370871,27.180502,27.725004370773078
99,26.477633,27.340646999999997,27.72388405405021
100,26.175138,27.002563000000002,27.71668868652654
101,26.112854000000002,27.127119,27.725791259899857
102,26.246313,27.038153,27.723233870237827
103,26.184032000000002,26.993662,27.713482780190112
104,26.201829999999998,26.860209,27.702321291410925
105,26.27300300000001,26.780132000000002,27.71326105083871
106,26.344178999999997,26.450945,27.69969721622968
107,26.228517999999998,26.262459000000003,27.721583403637172
108,26.433149,25.759826999999998,27.70046910111463
109,26.326387,25.903437,27.70787286088586
110,26.49543,25.804705,27.690467940369846
111,26.201829999999998,25.499538,27.73249315458131
112,26.068369,25.382853,27.724564246346237
113,26.513223999999997,25.16744,27.701991198090795
114,26.326387,25.43671,27.744773292945386
115,26.397562,25.355928,27.706082354694846
116,26.406458,25.203341,27.74095554697013
117,26.762340999999996,25.320024,27.707122648794652
118,27.020357,25.786753,27.727548423331264
119,27.162712,25.705976,27.719386115778924
120,27.127119,25.885485,27.713174359663725
121,26.824617,25.975241,27.716775377701524
122,26.735651,25.930365,27.723293887205127
123,26.691167999999998,25.867537,27.721293321628572
124,26.753443,25.957291,27.71908269666648
125,26.904696,25.94831700000001,27.70989009784222
126,27.055943,26.217583,27.70280809570122
127,27.545279999999998,26.468895,27.712227425290823
128,27.180502,26.370167,27.75613983969617
129,27.340646999999997,26.379140999999997,27.76072446914244
130,27.002563000000002,26.262459000000003,27.764472195322515
131,27.127119,26.38811500000001,27.75202200888443
132,27.038153,26.361190999999998,27.741624069300297
133,26.993662,26.612501,27.745553513520242
134,26.860209,26.38811500000001,27.73049925755668
135,26.780132000000002,26.235530999999998,27.708553053181888
136,26.450945,26.424019,27.724227484474184
137,26.262459000000003,26.594553,27.75206202019596
138,25.759826999999998,26.415041,27.757205140865686
139,25.903437,26.854845,27.85386079955888
140,25.804705,26.971527000000002,28.014872985711815
141,25.499538,27.240789000000003,28.075470117025617
142,25.382853,27.447231,28.139311498849395
143,25.16744,27.285671,28.158230180651667
144,25.43671,27.08820900000001,28.1829371655221
145,25.355928,26.971527000000002,28.21865726389146
146,25.203341,27.204893,28.218353844779017
147,25.320024,26.908701,28.21587314346409
148,25.786753,26.675333000000002,28.194957230361226
149,25.705976,26.720211,28.211008434837105
150,25.885485,26.540701000000002,28.206512163703803
151,25.975241,26.163726999999998,28.221174642241955
152,25.930365,26.082949,28.223818723078967
153,25.867537,26.226557,28.20614706048608
154,25.957291,26.18167900000001,28.22978374277306
155,25.94831700000001,25.840611,28.21718184677875
156,26.217583,26.370167,28.209851441078666
157,26.468895,26.02011700000001,28.20075553625727
158,26.370167,26.145775,28.226922933998587
159,26.379140999999997,25.553391,28.228650088946345
160,26.262459000000003,25.544415,28.223368595824244
161,26.38811500000001,25.302073999999998,28.223662012108804
162,26.361190999999998,24.862272,28.228149947552204
163,26.612501,24.978952,28.231182471538663
164,26.38811500000001,25.068707999999997,28.240053312732698
165,26.235530999999998,25.382853,28.222194930685998
166,26.424019,25.400805,28.228610077634812
167,26.594553,25.670073000000002,28.22520244760275
168,26.415041,26.127827,28.23452508318949
169,26.854845,26.056019,28.20859942045534
170,26.971527000000002,26.109876999999997,28.23756427572787
171,27.240789000000003,26.468895,28.217111826983572
172,27.447231,26.783039000000002,28.237625959833146
173,27.285671,26.881775,28.24088688172293
174,27.08820900000001,27.097184999999996,28.285166066483978
175,26.971527000000002,27.177967,28.263860043093683
176,27.204893,27.196071999999997,28.277673948399784
177,26.908701,27.196071999999997,28.274309663955215
178,26.675333000000002,27.087431,28.27058027629292
179,26.720211,27.340925,28.268334641433242
180,26.540701000000002,27.449564000000002,28.25487750365496
181,26.163726999999998,27.540096000000002,28.254247325498344
182,26.082949,27.540096000000002,28.2798912419138
183,26.226557,27.467670000000002,28.267347695748807
184,26.18167900000001,27.449564000000002,28.273012630606413
185,25.840611,27.693997999999997,28.24793554110432
186,26.370167,27.558203000000002,28.22773149591911
187,26.02011700000001,27.558203000000002,28.26808290359819
188,26.145775,27.567255,28.230040482022048
189,25.553391,27.359029999999997,28.269328255669596
190,25.544415,27.585361,28.274279655471563
191,25.302073999999998,28.155715999999998,28.238544552860382
192,24.862272,28.200983,28.283458917191982
193,24.978952,28.300571,28.271500536458138
194,25.068707999999997,28.58122100000001,28.255804432372095
195,25.382853,28.744184000000008,28.261295984879734
196,25.400805,28.671756999999996,28.272477479314688
197,25.670073000000002,28.96146400000001,28.253953909213784
198,26.127827,28.943357000000002,28.24907086206901
199,26.056019,28.925248999999994,28.263283213352445
200,26.109876999999997,28.843768999999998,28.234800160956265
201,26.468895,28.653648,28.251646590248825
202,26.783039000000002,28.019918,28.251563233349803
203,26.881775,27.938440000000003,28.24042341736436
204,27.097184999999996,27.766426,28.249482645150188
205,27.177967,28.173824,28.243290894690755
206,27.196071999999997,28.943357000000002,28.258918646119596
207,27.196071999999997,28.916196999999993,28.256161199899914
208,27.087431,29.051994,28.25108643188739
209,27.340925,28.472586,28.23199770201111
210,27.449564000000002,28.445427000000006,28.25625789390278
211,27.540096000000002,28.653648,28.231647603035213
212,27.540096000000002,28.418262,28.265350464448215
213,27.467670000000002,28.409208000000003,28.24385438732815
214,27.449564000000002,28.200983,28.23937312043667
215,27.693997999999997,28.363942999999995,28.25806173719764
216,27.558203000000002,28.210034999999994,28.2663840899961
217,27.558203000000002,28.445427000000006,28.25451406757522
218,27.567255,28.834717,28.237292532237053
219,27.359029999999997,29.423178000000004,28.2579116947794
220,27.585361,29.558978999999997,28.27473311700225
221,28.155715999999998,29.667618,28.255305958115937
222,28.200983,29.368858000000003,28.28746671689701
223,28.300571,29.405071000000003,28.26854470081878
224,28.58122100000001,29.332649,28.26888479696679
225,28.744184000000004,29.694777000000002,28.268341309985164
226,28.671757,29.966377,28.31421761293149
227,28.96146400000001,29.549927,28.275326618123295
228,28.943357000000002,29.703831,28.29523557988596
229,28.925248999999997,29.377913999999997,28.300892179053665
230,28.843769,29.694777000000002,28.30104722288585
231,28.653647999999997,29.513711999999998,28.322484950176598
232,28.019918,28.925248999999994,28.325810890447617
233,27.938440000000003,28.816609999999997,28.308189241994143
234,27.766426,28.291517,28.331269100195648
235,28.173824,28.653648,28.293905203777552
236,28.943357000000002,28.988622999999997,28.264203473517657
237,28.916196999999997,29.29001400000001,28.289974092419627
238,29.051994,30.130266,28.36319479252148
239,28.472586,30.29465900000001,28.304458187193873
240,28.445427000000002,30.203333,28.369583265262605
241,28.653647999999997,31.189710999999996,28.307328998796226
242,28.418262,31.281044,28.296856038002968
243,28.409208000000003,31.847298,28.285676210705997
244,28.200983,31.637238,28.27375283986974
245,28.363943,31.58243400000001,28.265567192385674
246,28.210034999999998,31.491105999999995,28.259195391024353
247,28.445427000000002,31.427168,28.259238736611845
248,28.834716999999998,31.564171,28.2844642013942
249,29.423178000000004,31.408907,28.22071451215935
250,29.558978999999997,31.363241000000002,28.341481987463954
251,29.667618,31.655502000000002,28.306342053111795
252,29.368858000000003,31.591565999999997,28.30966299196887
253,29.405071000000003,31.34498,28.331412474061967
254,29.332649,31.755968,28.34292572895503
255,29.694777000000002,31.564171,28.328635022186518
256,29.966377,31.637238,28.29552899617052
257,29.549927,31.481973999999994,28.365558794177772
258,29.703831,31.025318,28.349981056888343
259,29.377914,31.080112,28.369930029962543
260,29.694777000000002,30.851781999999996,28.338706202726485
261,29.513711999999998,30.714788000000002,28.325630839545727
262,28.925248999999997,31.052711,28.38030296247697
263,28.816609999999997,31.052711,28.359387049374106
264,28.291517,31.454573,28.337512531932475
265,28.653647999999997,31.207975000000005,28.37888589519358
266,28.988622999999997,31.399775,28.3154796363827
267,29.29001400000001,31.189710999999996,28.326167657975436
268,30.130266,31.281044,28.2749931905272
269,30.29465900000001,32.011692,28.406380334767345
270,30.203333,31.527637,28.378050659065366
271,31.189711,31.326709999999995,28.298836597923756
272,31.281044,31.198845000000002,28.434194864833355
273,31.847298,31.536764,28.381630004309418
274,31.637238,31.96603,28.47499639976716
275,31.58243400000001,31.774239000000005,28.42349850755072
276,31.491106,31.354105,28.427527980049494
277,31.427167999999998,31.399775,28.399705114293578
278,31.564171,31.491105999999995,28.40499661024356
279,31.408907,31.545903999999997,28.413725744709254
280,31.363241,31.637238,28.41117168932319
281,31.655502000000002,31.993429,28.35438563543272
282,31.591565999999997,32.367886,28.4407867284081
283,31.34498,32.048229,28.39458033214164
284,31.755968,31.993429,28.402319186646938
285,31.564171,32.157821999999996,28.396267475777865
286,31.637238,32.139557,28.406563719945193
287,31.481973999999997,32.002559999999995,28.389902342968465
288,31.025318,31.975164000000007,28.368202875014784
289,31.080112,31.865566,28.415576267867568
290,30.851782,31.902097999999995,28.390874284411073
291,30.714788000000002,32.294823,28.43724906161356
292,31.052711,32.21262,28.39060920947218
293,31.052711,31.591565999999997,28.402956033355476
294,31.454573,31.491105999999995,28.38666476101041
295,31.207975,31.317575,28.42235151662016
296,31.399775,30.988788999999997,28.36493528457308
297,31.189711,31.125779999999995,28.4302237421639
298,31.281044,31.34498,28.30788915715766
299,32.011692,31.162315,28.416896641148092
300,31.527637,30.812384,28.472138925268652
301,31.32671,30.922884,28.45283013317895
302,31.198845000000002,31.328064,28.450689528012038
303,31.536764,31.272809999999993,28.425217326808575
304,31.96603,31.107058000000002,28.405483414533855
305,31.774239,30.876839000000004,28.416143094780924
306,31.354105,31.254402000000006,28.30691221430111
307,31.399775,31.300446000000004,30.549839641901972
308,31.491106,31.291228999999998,30.810123226239444
309,31.545903999999997,31.503031000000004,31.65545554206014
310,31.637238,31.585913,31.666932119917632
311,31.993429,31.641161,32.00445754116583
312,32.367886,31.567496999999996,32.11546225645685
313,32.048229,31.410943999999997,32.181617625797514
314,31.993429,31.585913,32.464547612461566
315,32.157821999999996,31.714832000000005,32.226136878427745
316,32.139557,32.000301,32.56657645686579
317,32.002559999999995,31.825340000000004,32.30255848345208
318,31.975164000000003,31.760876000000003,32.62655674712682
319,31.865565999999998,31.687209999999997,32.395228015234
320,31.902098,31.530661,32.64136093239331
321,32.294823,31.392534,32.37705954552293
322,32.21262,31.291228999999998,32.584384824773075
323,31.591565999999997,31.318854999999996,32.28661397580695
324,31.491106,31.595121000000002,32.465331167312385
325,31.317575,31.733253000000005,32.458355862002136
326,30.988789,31.503031000000004,32.58498166017008
327,31.12578,31.346489000000005,36.03990839673829
328,31.34498,31.346489000000005,31.500488398224356
329,31.162315000000003,31.291228999999998,31.574229245376113
330,30.812384,31.65037,30.074275195871593
331,30.922884000000003,31.475401,29.638218585702184
332,31.328064,31.595121000000002,29.05511373710418
333,31.272809999999996,31.77009,28.725637258025646
334,31.107058000000002,31.521447999999996,28.498936501166583
335,30.876839,31.328064,28.288953803975584
336,31.254402000000002,31.235978999999997,28.172187459824087
337,31.300446,30.932096,28.071555677047492
338,31.291228999999998,30.876839000000004,27.98735187193036
339,31.503031,31.024179,27.959584021727803
340,31.585913,30.729497999999996,27.933549995024922
341,31.641161,30.618996000000006,27.892665103192094
342,31.567496999999996,31.061011999999995,27.891578129228833
343,31.410944,30.803173,27.853360658164743
344,31.585913,31.180729,27.84583519732094
345,31.714832,31.641161,27.860756082246066
346,32.000301,32.064766,27.78401438672948
347,31.82534,32.304195,27.91463464749861
348,31.760876,32.212105,27.892861825473787
349,31.687209999999997,32.322613,27.882368859024766
350,31.530661,32.294987,27.861846390485287
351,31.392534,32.451534,27.857498494632246
352,31.291228999999998,32.359444,27.86764136210537
353,31.318855,32.120022,27.837462830383064
354,31.595121000000002,32.027927000000005,27.8435178755281
355,31.733253,31.549073999999997,27.853957493561747
356,31.503031,31.622749,27.85054319497776
357,31.346489000000002,32.552822,27.853705755726697
358,31.346489000000002,32.930382,27.848279221600297
359,31.291228999999998,32.90276,27.846288658851623
360,31.650370000000002,33.20665,27.832874866660834
361,31.475401,33.289528000000004,27.843907985815527
362,31.595121000000002,33.252693,27.878567784429315
363,31.770090000000003,33.243404,27.838543135794403
364,31.521448,32.640163,27.8437479405694
365,31.328064,32.658726,27.849382866943362
366,31.235978999999997,32.816494,27.827503348087788
367,30.932096,32.593758,27.8736030475235
368,30.876839,32.825775,27.847165573429347
369,31.024178999999997,32.816494,27.873983154983044
370,30.729498,32.779377000000004,27.875343539575102
371,30.61899600000001,32.946426,27.85863881701088
372,31.061011999999998,32.964989,27.829874018296003
373,30.803172999999997,32.732966999999995,27.856314826666118
374,31.180729,32.064766,27.826273000258208
375,31.641161,31.127415000000006,27.832551441892626
376,32.064766,29.818835999999994,27.838626492693425
377,32.304195,29.085666999999994,27.839860174798968
378,32.212105,30.097257999999997,27.84779241731
379,32.322613,30.867554,27.858765519497396
380,32.294987,30.310710999999998,27.851313412724735
381,32.451534,29.902361,27.857531837391853
382,32.359444,29.104227,27.850086399171115
383,32.120022,29.670344999999998,27.85953240296841
384,32.027927000000005,29.596102000000002,27.866099259473444
385,31.549073999999997,29.113504000000002,27.840220276602746
386,31.622749,30.190063000000006,27.831469469343308
387,32.552822,29.661062,27.83597574330449
388,32.930382,30.273587999999997,27.85903559585023
389,32.90276,30.598418999999996,27.956036352105382
390,33.20665,30.357115000000007,27.896209438538552
391,33.289528000000004,30.784028999999997,27.952795435871366
392,33.252693,30.793308,27.903369796164633
393,33.243404,31.071726,27.93014569926882
394,32.640163,30.487045000000002,27.93024906182361
395,32.658726,30.087976,27.942207442557457
396,32.816494,29.939485999999995,27.90871297339201
397,32.593758,30.273587999999997,27.90046230752671
398,32.825775,30.347834000000002,27.87538355088663
399,32.816494,29.596102000000002,27.919109245838168
400,32.779377000000004,28.603067,27.904573469786527
401,32.946426,28.788681,27.90783605881429
402,32.964989,29.150627000000007,27.896182764330867
403,32.732966999999995,29.549698,27.883385813192845
404,32.064766,30.700506,27.890617857752087
405,31.12741500000001,31.071726,27.86101615577102
406,29.818835999999997,30.431359999999998,27.860062552846195
407,29.085666999999997,30.895401000000003,27.908828005912664
408,30.097258,30.709784999999997,27.85769521691394
409,30.867554,30.848992999999997,27.87819434552169
410,30.310710999999998,30.830428999999995,27.896766262624027
411,29.902361,30.607697,27.883012374285222
412,29.104227,30.663382000000006,27.86562412514901
413,29.670345,31.628571,27.85885554494834
414,29.596102000000002,31.934828000000003,27.862933364448548
415,29.113504,32.018356,27.834765401130678
416,30.190063000000002,31.554327,27.78961930461979
417,29.661062,31.053167,27.825786195967915
418,30.273588,30.932526,27.77297793329883
419,30.598419,31.600728999999994,27.81792730752802
420,30.357115000000004,31.702816,27.820974835756303
421,30.784028999999997,32.473114,27.78828892851138
422,30.793308000000003,32.900021,27.804155080671432
423,31.071726,32.268936,27.79513753133512
424,30.487045000000002,31.38727,27.807757765847207
425,30.087976,32.538082,27.85151013500643
426,29.939486,32.454559,27.82414239791918
427,30.273588,31.939988999999997,27.811438806508065
428,30.347834000000002,31.94935,27.808864745466234
429,29.596102000000002,31.743525,27.82606627514863
430,28.603067,31.481573,27.826334684363484
431,28.788681,31.612548999999994,27.84020027094698
432,29.150627000000004,31.565769000000003,27.80954660490024
433,29.549698,31.238322999999998,27.808941433813334
434,30.700506,31.126059,27.770190478595495
435,31.071726,31.023147999999996,27.83534556514788
436,30.431359999999998,30.751831,27.836384192109705
437,30.895401,31.163479000000002,27.850259781521082
438,30.709784999999997,31.163479000000002,27.84803248517919
439,30.848993,30.209211,27.861386260402682
440,30.830429,30.1063,27.850301459970595
441,30.607696999999998,29.311071000000005,27.826186309083226
442,30.663382000000002,29.90983,27.823975684121134
443,31.628571,30.751831,27.787180281754377
444,31.934828000000003,30.751831,27.836009086064102
445,32.018356,30.676991,27.836882666365863
446,31.554327,30.658276,27.840800440619947
447,31.053167,31.453496999999995,27.814252935419084
448,30.932526,30.7799,27.830455849451187
449,31.600728999999998,30.302765,27.869791970100167
450,31.702816,30.686342000000003,27.87028877721834
451,32.473114,30.555367,27.826546410887005
452,32.900021,30.433743,27.890564509336713
453,32.268936,30.209211,27.838954918875576
454,31.38727,30.274697999999997,27.976900583930853
455,32.538082,29.99403400000001,27.970200356387377
456,32.454559,30.1063,27.990356054571155
457,31.939989,30.181139,27.96203138028312
458,31.94935,30.480522,27.96615921392274
459,31.743525,30.24663,27.908341201622367
460,31.481572999999997,29.928541,27.92876864329696
461,31.612548999999998,30.368252000000002,27.913267594354632
462,31.565769,30.424389,27.895916022253992
463,31.238322999999998,30.461810999999994,27.89044447540212
464,31.126059,30.517946000000002,27.86814483777547
465,31.023148,30.330831999999997,27.844268087619305
466,30.751831,30.714415000000002,27.84803248517919
467,31.163479,30.639566,28.139014748288872
468,31.163479,30.199854000000002,27.9835774715426
469,30.209211,29.891121000000002,27.53161636503959
470,30.1063,29.891121000000002,28.069361723465207
471,29.311071000000002,30.1063,27.806614109192612
472,29.90983,29.573029999999996,28.079801341498854
473,30.751831,29.376559999999998,27.99641443399215
474,30.751831,29.002337999999998,28.028726902329446
475,30.676990999999997,29.067825000000003,28.15860361955929
476,30.658276,29.002337999999998,27.93655084338975
477,31.453497,28.412934999999997,27.945313320615053
478,30.7799,29.105249,27.991182955009464
479,30.302765,28.824582999999997,27.909149763542892
480,30.686342,28.712315000000004,27.948817644649985
481,30.555366999999997,28.684249999999995,27.927224873527052
482,30.433743,28.609403999999998,27.88049833021069
483,30.209211,28.731023999999998,27.84919614748955
484,30.274697999999997,28.534559000000005,28.21648498310292
485,29.99403400000001,28.693604999999998,28.077587382260802
486,30.1063,28.553268,28.017445379615666
487,30.181139,28.253889,27.939751748312236
488,30.480521999999997,28.525202,27.936884270985843
489,30.24663,28.225821999999997,27.933786728618145
490,29.928541,28.197756,27.859407367619873
491,30.368252000000002,28.037115000000004,29.870904367911102
492,30.424389,27.403986,28.11276732792449
493,30.461810999999997,27.432337,28.350664583460333
494,30.517946000000002,26.988201,28.078854407125952
495,30.330832,27.498482,27.968293150537733
496,30.714415000000002,27.86702,27.93271976031065
497,30.639566,27.526831,27.884342750393632
498,30.199854,27.744172999999996,27.85361072886181
499,29.891121000000002,28.169405,27.814149572864295
500,29.891121000000002,27.999313,27.833991849107743
501,30.1063,27.923714,27.84714556777358
502,29.57303,27.86702,27.842747657781125
503,29.376559999999998,28.396198,27.808282914311054
504,29.002338,28.311153000000004,27.836309170900584
505,29.067825,28.367853000000004,27.807090910655024
506,29.002338,28.906481,27.821001509963992
507,28.412934999999997,28.566294,27.827018210935474
508,29.105249,28.037115000000004,27.80953826921034
509,28.824583,28.386751,27.81265248295784
510,28.712315000000004,28.330051,27.84850261808968
511,28.68425,28.245007,27.793096954447034
512,28.609403999999998,28.074909000000005,27.849109456314565
513,28.731023999999998,28.150509000000003,27.82384898163462
514,28.534559,27.744172999999996,27.82084479899383
515,28.693604999999998,28.103260000000002,27.801034198372008
516,28.553268,27.961519,27.78838895679021
517,28.253889,28.821434000000004,27.759659167972924
518,28.525202,28.443448999999994,27.77877290491891
519,28.225821999999997,27.914268,27.80686084561372
520,28.197756,27.441785999999997,27.572521262528184
521,28.037115000000004,27.725275,27.49301378510201
522,27.403986,27.82922,27.391173327289582
523,27.432337,28.4151,27.358467414388898
524,26.988201,28.708038000000002,27.27495713867164
525,27.498482,28.528494,27.223929379365686
526,27.86702,28.424550999999997,27.229937744647266
527,27.526831,28.141059999999996,27.210672298145056
528,27.744172999999996,28.396198,27.179316767008544
529,28.169404999999998,28.4151,27.143373272149802
530,27.999313,28.008762,27.13284529580319
531,27.923714,28.386751,27.12695196304226
532,27.86702,29.029325,27.15222577482605
533,28.396198,29.634103999999997,27.128992539930344
534,28.311153000000004,31.117701000000004,27.146274092235807
535,28.367853000000004,30.957054,27.12532483637333
536,28.906481,30.711367,27.09588984819031
537,28.566294,30.134935,27.16353897316146
538,28.037115000000004,30.201079999999997,27.166116368479255
539,28.386751,30.749166,27.1403957637167
540,28.330051,30.853113,27.13011952520514
541,28.245007,30.711367,27.12564492686558
542,28.074909,30.815313,27.12887250599575
543,28.150509000000003,31.079897,27.12680192062402
544,27.744172999999996,31.401186,27.12283079795456
545,28.10326,31.410643,27.068322054545405
546,27.961519,31.438993,27.193164015074256
547,28.821434000000004,31.382288000000003,27.16259537306452
548,28.443448999999998,31.231091999999993,27.22529976678562
549,27.914268,31.183846999999993,27.19542798845172
550,27.441785999999997,31.098803999999998,27.173131685101033
551,27.725275,30.909805,27.26997906466198
552,27.82922,30.994853999999997,27.203977072015526
553,28.4151,31.845325,27.532935071182134
554,28.708038000000002,31.561836,27.298893905795097
555,28.528494,31.722478999999996,27.28889441218829
556,28.424551,31.731932,27.24539378086412
557,28.141059999999996,31.958711999999995,27.20562753861618
558,28.396198,31.939819,27.16389907496524
559,28.4151,31.939819,27.157730664437533
560,28.008762,31.615653999999996,27.126955297318222
561,28.386751,31.644256999999996,28.00132582248259
562,29.029325,31.644256999999996,29.98670377203393
563,29.634103999999997,31.825409000000008,28.881694710100653
564,31.117701,31.825409000000008,31.78402188883734
565,30.957054,31.491709000000007,31.625030273916725
566,30.711367,31.625184999999995,32.188919690151934
567,30.134935,31.825409000000008,31.787792954949143
568,30.201079999999997,32.168644,32.5784698192184
569,30.749166,32.101898,32.18533200921798
570,30.853113,32.511875,32.532513493649006
571,30.711367,32.750229,32.314108415380716
572,30.815313,32.826504,32.455415030604605
573,31.079896999999995,32.998119,32.437666679664616
574,31.401186,33.083931,32.38656556628752
575,31.410643,33.083931,32.44493540125942
576,31.438993,33.131603000000005,32.48777417880535
577,31.382288,33.246014,32.48140904599595
578,31.231091999999997,33.074402,32.447352751331096
579,31.183846999999997,33.303222999999996,32.48896118104744
580,31.098803999999998,33.303222999999996,28.55506736983073
581,30.909805,33.217411,33.64599161652303
582,30.994853999999997,33.608318,30.939149703099254
583,31.845325,33.665524,32.6338621457572
584,31.561836,33.646454,32.05398821056533
585,31.722478999999996,33.646454,32.65862247904301
586,31.731932,33.122074,32.31529208334685
587,31.958712,33.36042800000001,32.47819480396962
588,31.939819,33.36042800000001,32.4609099173882
589,31.939819,33.169739,33.40932804309273
590,31.615654,33.131603000000005,32.150888938541655
591,31.644257,32.626286,32.92086995192147
592,31.644257,32.89325,32.37616262528944
593,31.825409000000004,33.131603000000005,32.64557545720792
594,31.825409000000004,32.864647,32.44387176722789
595,31.491709000000004,32.979057,32.485536879635575
596,31.625185,32.387932,32.5357477413311
597,31.825409000000004,32.225849,32.42202225685597
598,32.168644,32.836040000000004,32.408741835703616
599,32.101898,33.379490000000004,32.60199647039867
600,32.511875,33.570178999999996,32.523971078637125
601,32.750229,33.913414,32.619368048155074
602,32.826504,34.142235,32.46798191670132
603,32.998119,34.189907,32.56061810572362
604,33.083931,34.104099,32.38140744137597
605,33.083931,34.437798,32.50432552467537
606,33.131603000000005,34.4664,32.51573875128961
607,33.246014,34.552212,32.43435907791138
608,33.074402,34.618953999999995,32.53036621993017
609,33.303222999999996,35.20053499999999,32.58396804027796
610,33.303222999999996,35.057528999999995,32.647842764861345
611,33.217411,34.933578000000004,32.79279707798648
612,33.608318,34.933578000000004,32.557920676471234
613,33.665524,34.971714,32.61859449613214
614,33.646454,35.00032,32.6420444589653
615,33.646454,35.028927,32.67520049912071
616,33.122074,35.067059,32.554242970086335
617,33.36042800000001,35.114734999999996,32.53506754903508
618,33.36042800000001,35.133796999999994,32.505692577819346
619,33.169739,34.962185,32.63129808754325
620,33.131603000000005,34.962185,32.494842843842505
621,32.626286,35.171935999999995,32.479938630297184
622,32.89325,35.57237199999999,32.563012115863565
623,33.131603000000005,34.695221000000004,32.46359400953674
624,32.864647,33.926140000000004,32.54039238774467
625,32.979057,33.791553,32.48501006403375
626,32.387932,34.070343,32.35970797342229
627,32.225849,33.580055,32.5807137869401
628,32.836040000000004,33.724262,32.457618987014776
629,33.379490000000004,33.772327000000004,32.50474230917049
630,33.570178999999996,33.791553,32.45474484113646
631,33.913414,33.628124,32.55131214151669
632,34.142235,33.753101,32.46866877754927
633,34.189907,33.445469,32.48294281293798
634,34.104099,33.78194000000001,32.56150168885327
635,34.437798,33.830006,32.947654190715554
636,34.4664,33.628124,32.52959266790724
637,34.552212,33.49353,32.76162826630378
638,34.618953999999995,33.49353,32.55668699436569
639,35.20053499999999,33.733871,32.47541401781822
640,35.057528999999995,33.474308,32.57872322419143
641,34.933578000000004,33.426239,35.520464879062175
642,34.933578000000004,33.474308,31.524035055060388
643,34.971714,33.753101,33.99640068008423
644,35.00032,33.53199,32.0856204866066
645,35.028927,33.455078,33.18460451187849
646,35.067059,33.339714,32.3802704532733
647,35.114734999999996,33.426239,32.839803700483564
648,35.133796999999994,33.426239,32.45749561880422
649,34.962185,33.49353,32.67688097420502
650,34.962185,33.378170000000004,32.509220241786004
651,35.171935999999995,32.782131,32.54963500070834
652,35.57237199999999,33.310879,35.14059748738623
653,34.695221000000004,32.724449,31.473214020864013
654,33.926140000000004,32.628315,31.34872549358702
655,33.791553,32.820586999999996,30.22658158749056
656,34.070343,32.820586999999996,29.73687314283395
657,33.580055,32.628315,30.583625860213996
658,33.724262,32.349525,29.184030182857278
659,33.772327000000004,32.503341999999996,29.114630563006642
660,33.791553,32.955172999999995,28.189363982436777
661,33.628124,32.830196,28.622988238292695
662,33.753101,32.935947,28.331555847928286
663,33.445469,32.33990900000001,28.305070026832702
664,33.78194000000001,32.33990900000001,28.223461955551148
665,33.830006,32.522572,28.204551609438777
666,33.628124,32.67638400000001,28.169209951390982
667,33.49353,32.032276,28.145416558133842
668,33.49353,32.561015999999995,28.15003786461568
669,33.733871,32.378365,28.165348859828235
670,33.474308,32.416824,28.13308807276833
671,33.426239,32.589863,28.148484092017892
672,33.474308,32.349525,28.127894937959194
673,33.753101,32.263003999999995,28.13253958437276
674,33.53199,32.311066,28.986764414181234
675,33.455078,31.84962100000001,28.22461894930959
676,33.339714,31.791940999999998,28.35249676810086
677,33.426239,31.493917,28.214476081836462
678,33.426239,31.397782999999997,28.187300065616967
679,33.49353,31.243969,28.16055750527239
680,33.378170000000004,31.426622000000002,28.132702963894847
681,32.782131,31.340101,28.12317693747449
682,33.310879,31.340101,28.115601462491277
683,32.724449,31.282422999999998,28.118058823874474
684,32.628315,30.936334999999996,28.110690074000836
685,32.820586999999996,30.888268,28.094058705507756
686,32.820586999999996,31.032469,28.09779976313591
687,32.628315,31.147837000000003,28.086960031986955
688,32.349525,31.224739000000003,28.117013528360726
689,32.503341999999996,30.695995,28.094450482933166
690,32.955172999999995,30.484496999999998,28.075496791233302
691,32.830196,29.869234,28.079032790889862
692,32.935947,29.869234,28.083215640082837
693,32.33990900000001,29.869234,26.341503243479732
694,32.33990900000001,29.446236,27.922570224285604
695,32.522572,28.734834999999993,27.792520124705792
696,32.67638400000001,28.840586000000002,27.96410529993081
697,32.032276,29.205897999999994,27.967436241615772
698,32.561015999999995,29.128225000000004,28.008762925013425
699,32.378365,31.186619,28.073619593867303
700,32.416824,32.516808000000005,28.052480284275056
701,32.589863,31.642962000000004,28.080918323945763
702,32.349525,31.439062000000003,28.25586444933939
703,32.263003999999995,31.439062000000003,27.73321335818887
704,32.311066,31.439062000000003,27.89519581864643
705,31.84962100000001,31.439062000000003,27.919499356125595
706,31.791940999999998,31.293422999999994,27.957895210953595
707,31.493917,31.031269,27.95849037921262
708,31.397783,30.807951,28.008211102341892
709,31.243969,30.565218,27.99703794359684
710,31.426622,30.652601,28.0054203133626
711,31.340101,30.419577,28.39194625413251
712,31.340101,30.506962,28.19214643572617
713,31.282422999999998,30.769114000000002,28.149791128194572
714,30.936334999999996,30.623474,28.10426158994818
715,30.888268,30.992431999999997,28.071925781679155
716,31.032469,31.206038000000003,28.04984620626593
717,31.147837,30.545796999999997,28.041190425871374
718,31.224739000000003,30.710857,28.026112829976082
719,30.695995,30.672022000000002,28.015944955433252
720,30.484496999999998,30.642893,28.016740180249933
721,29.869234000000002,30.283646,27.986958427366975
722,29.869234000000002,30.283646,27.917695512830736
723,29.869234000000002,30.283646,27.886586718115332
724,29.446236,30.040910999999998,27.894368918208123
725,28.734834999999997,30.778826000000002,27.829974046574833
726,28.840586,31.458483,27.784497856743815
727,29.205897999999998,31.875990000000005,27.75265885559297
728,29.128225,31.866277999999998,27.72370733742428
729,31.186619,31.866277999999998,27.546460561617614
730,32.516808000000005,31.798310999999995,27.86347351715422
731,31.642962,31.885695000000002,27.89507745184982
732,31.439062,31.885695000000002,27.852545427692295
733,31.439062,31.875990000000005,27.82060473112464
734,31.439062,31.895403,27.800542392667772
735,31.439062,31.458483,27.78661845625496
736,31.293422999999997,31.400225,27.780258324859503
737,31.031269,31.536158000000004,27.7840810722487
738,30.807951,31.584705,27.74871774140716
739,30.565217999999998,31.409937,27.021152052526237
740,30.652601,31.545870000000004,27.769250212774516
741,30.419577,31.536158000000004,27.607877924817803
742,30.506961999999998,32.041046,27.69456909980178
743,30.769114000000002,32.322624,27.688183961336613
744,30.623473999999998,32.633324,27.664360559595824
745,30.992432,32.507095,27.660651177589298
746,31.206038,32.497391,27.649171265455845
747,30.545796999999997,32.468262,27.722597023529293
748,30.710857,31.875990000000005,27.720683149127723
749,30.672022,31.652670000000004,27.7036116562078
750,30.642893,31.574995,27.69807342383671
751,30.283646,31.128365999999996,24.34796965492797
752,30.283646,31.09923400000001,27.265834559642556
753,30.283646,30.778826000000002,27.101011296066286
754,30.040910999999998,30.846790000000002,27.511972478215814
755,30.778826000000002,30.545796999999997,27.55435612709308
756,31.458483,30.244806,27.623607371663454
757,31.87599,30.380739000000005,27.676433972850326
758,31.866278,30.371028999999997,27.692338469183923
759,31.866278,30.506962,27.730672639906647
760,31.798310999999998,30.400155999999996,27.776632299752
761,31.885695000000002,30.807951,26.686817533372643
762,31.885695000000002,30.807951,27.73107275302196
763,31.87599,30.807951,27.605800670894148
764,31.895403,31.062969,27.708254635483385
765,31.458483,31.121818999999995,27.726359753951193
766,31.400225,31.47492,27.720176339181663
767,31.536158,31.612236000000003,26.296552202112558
768,31.584705,31.465113,27.586058422929526
769,31.409937,31.52396,27.422425495871305
770,31.54587,31.759360999999995,27.58754384287012
771,31.536158,31.729933000000006,27.598595300542595
772,32.041046,31.984953000000004,27.636639389256718
773,32.322624,32.122269,27.672996334334613
774,32.633324,32.122269,27.69688308731866
775,32.507095,32.867699,27.72081985444212
776,32.497391,32.975594,27.71709213391781
777,32.468262,32.975594,27.732703213966847
778,31.87599,32.975594,27.703511627928975
779,31.65267,32.946166999999996,27.768469992199662
780,31.574995,32.946166999999996,27.77764258536816
781,31.128365999999996,33.407162,27.736909403091552
782,31.09923400000001,33.407162,27.767756457144024
783,30.778826000000002,33.603321,27.732939947560073
784,30.846790000000002,33.62294,27.724650937521222
785,30.545796999999997,33.466007,27.74156571947098
786,30.244806,33.760253999999996,27.71774565200615
787,30.380739000000002,33.84853,27.71189233055675
788,30.371028999999997,33.858340999999996,28.502797592729333
789,30.506961999999998,33.691596999999994,27.944856524808408
790,30.400156,33.338501,27.938658105797053
791,30.807951,33.260033,27.662268301430345
792,30.807951,33.39735,27.843968002782823
793,30.807951,33.4562,27.768600028962137
794,31.062969,33.4562,27.7853781055975
795,31.121819,33.564095,27.716935422947646
796,31.47492,33.966236,27.652940664429668
797,31.612236,33.770065,27.680698511804344
798,31.465113,33.662178000000004,27.646822268041372
799,31.52396,33.721027,27.63646934118271
800,31.759361,33.593517,27.602353029550553
801,31.72993300000001,33.809303,27.611442265820028
802,31.984953000000004,33.632751,28.401802373872997
803,32.122269,33.348309,27.822678650772335
804,32.122269,33.52486,27.839313353541375
805,32.867699,33.505241,27.679251436037305
806,32.975594,33.671989,27.741609065058473
807,32.975594,33.691596999999994,27.718199113536837
808,32.975594,33.554283,27.7318029594574
809,32.946166999999996,33.554283,27.6897210625546
810,32.946166999999996,33.583714,27.6871186601671
811,33.407162,33.681789,27.157974066582682
812,33.407162,33.534664,27.694942538709405
813,33.603321,33.4562,27.645465217725278
814,33.62294,33.446391999999996,27.69244516601467
815,33.466007,33.387543,27.66701130898476
816,33.760253999999996,33.279652,27.67301967426634
817,33.84853,33.26984,27.70755277039361
818,33.858340999999996,33.23061,27.71200402880144
819,33.691596999999994,33.348309,27.697776673276188
820,33.338501,33.191376,27.667784861007693
821,33.260033,32.965786,27.697876701555014
822,33.39735,33.093292,27.68476966275263
823,33.4562,32.995209,27.67562374379182
824,33.4562,33.093292,27.670628998402357
825,33.564095,33.112907,27.67291131029761
826,33.966236,33.201183,27.642527720603706
827,33.770065,33.210995000000004,27.675573729652406
828,33.662178000000004,33.26984,27.626449841920138
829,33.721027,33.132526,27.74394972678304
830,33.593517,32.965786,27.662806786998036
831,33.809303,32.828468,27.709718382630232
832,33.632751,32.808853000000006,27.711183796915055
833,33.348309,32.838276,27.68397943934989
834,33.52486,32.808853000000006,27.707946214957
835,33.505241,32.740192,27.682662400345325
836,33.671989,32.710484,27.6785178953259
837,33.691596999999994,32.720387,27.67604719683886
838,33.554283,32.690674,27.660199383196595
839,33.554283,32.799609999999994,27.662735100064875
840,33.583714,32.284641,27.66164312468767
841,33.681789,31.918221999999997,27.657595313671113
842,33.534664,31.908318999999995,27.66322690576911
843,33.4562,32.145996000000004,27.666882939360264
844,33.446391999999996,31.809284,27.66134303985119
845,33.387543,31.829092,27.64796592469597
846,33.279652,31.739961999999995,27.64203758203745
847,33.26984,31.8489,27.63549239832616
848,33.23061,31.829092,27.67312637109709
849,33.348309,31.819190999999996,27.639025063706757
850,33.191376,32.33416,28.53243930602193
851,32.965786,32.33416,27.839246668022156
852,33.093292,32.393578000000005,27.902217803820136
853,32.995209,32.225224,27.75783198474634
854,33.093292,32.03706,27.746070326294184
855,33.112907,31.759769,27.709366616516352
856,33.201183,31.690447,27.68216559322715
857,33.210995000000004,31.442864999999998,27.67996497109294
858,33.26984,32.452999,27.654579461064458
859,33.132526,32.383675,27.726478120747807
860,32.965786,32.264839,28.00119578572011
861,32.828468,32.373771999999995,28.615531130106092
862,32.808853000000006,32.373771999999995,28.45565426491785
863,32.838276,32.492611,28.53127897798753
864,32.808853000000006,32.651066,28.506575327393058
865,32.740192,32.898647,28.54455939913988
866,32.710484,33.235359,28.489313780743363
867,32.720387,33.552261,28.55835663306618
868,32.690674,33.730522,28.564261635792974
869,32.799609999999994,33.839455,28.54631989684725
870,32.284641,33.710712,28.508982674636844
871,31.918221999999997,33.443325,28.587654915934802
872,31.908319,33.423519,28.567235809950116
873,32.145996000000004,33.30468,28.544596076175452
874,31.809284,33.265064,28.568537844712854
875,31.829092,33.49284,28.568419477916244
876,31.739962,33.314583,28.53789751576996
877,31.8489,32.898647,28.549517467493775
878,31.829092,33.027386,28.546456602161648
879,31.819190999999996,33.086807,28.51520276644194
880,32.33416,32.849129,28.480181198886395
881,32.33416,32.898647,28.521724610221508
882,32.393578000000005,32.958065000000005,28.53945462264371
883,32.225224,32.958065000000005,28.549714189775468
884,32.03706,33.106613,28.56067062058306
885,31.759769,32.928356,29.133926017992497
886,31.690447,33.037292,28.7574929305563
887,31.442865,33.294773,28.688820182865143
888,32.452999,33.215548999999996,28.61815687242532
889,32.383675,33.156128,28.602780858831526
890,32.264839,32.997677,29.191182204793456
891,32.373771999999995,32.779804,28.782725063890577
892,32.373771999999995,32.779804,28.751811324318886
893,32.492611,32.571838,28.62866984453011
894,32.651066,32.680775,28.567702608584643
895,32.898647,32.829322999999995,28.601398801445725
896,33.235359,32.839226000000004,28.55221489674616
897,33.552261,32.760002,28.56938641794491
898,33.730522,32.919998,28.580432874203446
899,33.839455,33.43,28.5577064492538
900,33.710712,33.639998999999996,28.631660690067054
901,33.443325,33.310001,28.966912135109904
902,33.423519,33.279999,28.756277586968544
903,33.30468,33.450001,28.7160678860178
904,33.265064,33.419998,28.652850013798716
905,33.49284,33.25,28.626912681098702
906,33.314583,33.310001,28.575351437639
907,32.898647,33.310001,28.588655198723078
908,33.027386,33.310001,28.553288533605578
909,33.086807,33.380001,28.568129395907643
910,32.849129,33.360001000000004,28.56009045656586
911,32.898647,32.950001,28.5438925439477
912,32.958065000000005,32.950001,28.544432696653367
913,32.958065000000005,32.669998,28.540741653164627
914,33.106613,32.759997999999996,28.539411277056217
915,32.928356,33.150002,28.530638797003032
916,33.037292,33.240002000000004,28.542538827907563
917,33.294773,33.23,28.525437326503994
918,33.215548999999996,33.389998999999996,28.551161265542508
919,33.156128,33.470001,28.56042054988599
920,32.997677,33.5,29.295701753340484
921,32.779804,33.450001,29.462885684297085
922,32.779804,33.919998,28.956169097963812
923,32.571838,33.959998999999996,28.889083465630055
924,32.680775,33.959998999999996,28.725720614924672
925,32.829322999999995,33.799999,28.669884829683067
926,32.839226000000004,33.990002000000004,28.603899508416415
927,32.760002,33.990002000000004,28.577718773571256
928,32.919998,34.099998,28.564354995519878
929,33.43,34.32,28.564991842228416
930,33.639998999999996,35.369999,28.573237506679774
931,33.310001,35.060001,28.616329689198732
932,33.279999,35.73,28.76667219227672
933,33.450001,35.73,28.21637328485823
934,33.419998,35.36000100000001,28.39614077329135
935,33.25,35.549999,28.428089805548908
936,33.310001,35.450001,28.45571428188515
937,33.310001,35.99000200000001,28.475226464808465
938,33.310001,35.970001,28.489983970211508
939,33.380001,35.959998999999996,28.489123727013588
940,33.360001000000004,35.509997999999996,28.528698248393777
941,32.950001,35.299999,28.513443935872555
942,32.950001,35.450001,28.52192299964118
943,32.669998,35.599998,28.525433992228034
944,32.759997999999996,35.700001,28.51818861056495
945,33.150002,36.07,28.52789135361123
946,33.240002000000004,36.139998999999996,28.519370611393096
947,33.23,35.959998999999996,28.542182060379744
948,33.389998999999996,36.0,28.521324497106196
949,33.470001,36.049999,28.538557702410223
950,33.5,36.139998999999996,28.534513225669624
951,33.450001,36.400002,28.539212887636545
952,33.919998,36.450001,28.494231837785723
953,33.959998999999996,36.349998,28.567310831159237
954,33.959998999999996,36.34,30.97638022847891
955,33.799999,35.98,28.855067182276727
956,33.990002000000004,36.200001,29.178972086224558
957,33.990002000000004,35.830002,28.784053772861004
958,34.099998,35.830002,28.765461850102902
959,34.32,35.830002,28.664686693459988
960,35.369999,35.830002,28.570421710630775
961,35.060001,36.240002000000004,28.68247838998747
962,35.73,36.419998,29.355248587726596
963,35.73,36.400002,29.566821734550956
964,35.36000100000001,36.27,29.029396466617587
965,35.549999,36.16,29.011398044980528
966,35.450001,36.16,28.83819574591446
967,35.99000200000001,36.16,28.743478968692543
968,35.970001,36.16,29.842029538089516
969,35.959998999999996,35.74000200000001,28.74155175718713
970,35.509997999999996,35.599998,28.94221515306735
971,35.299999,35.599998,28.790929049892426
972,35.450001,35.599998,28.772593866383314
973,35.599998,35.599998,28.71086808265674
974,35.700001,35.150002,28.708087296505333
975,36.07,35.060001,28.681758186379913
976,36.139998999999996,35.060001,28.692444540834668
977,35.959998999999996,35.060001,28.6883033700912
978,36.0,35.060001,28.664881748603705
979,36.049999,35.060001,28.672768978389264
980,36.139998999999996,35.060001,28.671098506132843
981,36.400002,35.060001,28.639036108492615
982,36.450001,35.060001,28.668571124954465
983,36.349998,35.259997999999996,28.681631483893398
984,36.34,35.459998999999996,28.681151348155023
985,35.98,35.459998999999996,28.6788240235343
986,36.200001,35.459998999999996,28.66975145864463
987,35.830002,35.459998999999996,28.675236342600346
988,35.830002,35.459998999999996,28.667145721981168
989,35.830002,35.549999,28.706688567739725
990,35.830002,35.32,28.33163253627539
991,36.240002000000004,35.36000100000001,28.44263058301449
992,36.419998,35.36000100000001,28.509036023052218
993,36.400002,35.36000100000001,28.563824845642092
994,36.27,35.36000100000001,28.592796369466544
995,36.16,35.18,28.673432499305488
996,36.16,35.18,26.836293124700788
997,36.16,35.18,28.35231838433695
998,36.16,35.18,28.94748330908561
999,35.74000200000001,35.18,28.39053585540104
